area_name,district_name,name,id,wave
ВАО,Богородское,"4-я Гражданская улица, дом 43, корпус 1",40118,
ВАО,Восточный,"Главная улица, дом 15А",31493,
ВАО,Восточный,"посёлок Акулово, дом 10",33323,
ВАО,Восточный,"посёлок Акулово, дом 11",33325,
ВАО,Восточный,"посёлок Акулово, дом 13",31491,
ВАО,Восточный,"посёлок Акулово, дом 14",33326,
ВАО,Восточный,"посёлок Акулово, дом 15",31492,
ВАО,Восточный,"посёлок Акулово, дом 6",33320,
ВАО,Восточный,"улица 9 Мая, дом 18А",32234,
ВАО,Восточный,"улица 9 Мая, дом 20А",32235,
ВАО,Восточный,"улица 9 Мая, дом 21",32237,
ВАО,Восточный,"улица 9 Мая, дом 22А",32161,
ВАО,Восточный,"улица 9 Мая, дом 24",28365,
ВАО,Восточный,"улица 9 Мая, дом 24А",32236,
ВАО,Восточный,"улица 9 Мая, дом 4",33339,
ВАО,Гольяново,"Амурская улица, дом 10",31495,
ВАО,Гольяново,"Амурская улица, дом 14",31496,
ВАО,Гольяново,"Амурская улица, дом 16, корпус 1",31497,
ВАО,Гольяново,"Амурская улица, дом 20",31498,
ВАО,Гольяново,"Амурская улица, дом 22, корпус 1",31499,
ВАО,Гольяново,"Амурская улица, дом 8",31494,
ВАО,Гольяново,"Байкальская улица, дом 17, корпус 1",31572,
ВАО,Гольяново,"Байкальская улица, дом 17, корпус 2",31571,
ВАО,Гольяново,"Байкальская улица, дом 17, корпус 3",31574,
ВАО,Гольяново,"Байкальская улица, дом 17, корпус 4",31573,
ВАО,Ивановское,"Напольный проезд, дом 1",32241,
ВАО,Метрогородок,"Пермская улица, дом 9",28285,
ВАО,Перово,"1-я Владимирская улица, дом 15, корпус 2",31982,
ВАО,Перово,"1-я Владимирская улица, дом 24, корпус 1",32267,
ВАО,Перово,"1-я Владимирская улица, дом 7",31983,
ВАО,Перово,"1-я Владимирская улица, дом 9А",31984,
ВАО,Перово,"Зелёный проспект, дом 2, корпус 1",28295,
ВАО,Перово,"Новогиреевская улица, дом 10, корпус 3",31994,
ВАО,Перово,"Новогиреевская улица, дом 12, корпус 2",31995,
ВАО,Перово,"Новогиреевская улица, дом 13",31980,
ВАО,Перово,"улица Металлургов, дом 46, корпус 3",31981,
ВАО,Перово,"улица Металлургов, дом 48, корпус 5",31858,
ВАО,Преображенское,"Большая Черкизовская улица, дом 26, корпус 2",32003,
ВАО,Преображенское,"Большая Черкизовская улица, дом 5, корпус 5",32001,
ВАО,Преображенское,"Большая Черкизовская улица, дом 6, корпус 2",32002,
ВАО,Преображенское,"Малая Семёновская улица, дом 15/17, корпус 1",33277,
ВАО,Преображенское,"Малая Семёновская улица, дом 15/17, корпус 2",32004,
ВАО,Преображенское,"Малая Семёновская улица, дом 15/17, корпус 5",32005,
ВАО,Преображенское,"Суворовская улица, дом 6",28307,
ВАО,Преображенское,"Халтуринская улица, дом 7А, корпус 5",32000,
ВАО,Преображенское,"Электрозаводская улица, дом 12А",33366,
ВАО,Преображенское,"улица Девятая Рота, дом 14",28312,
ВАО,Преображенское,"улица Преображенский Вал, дом 14",32006,
ВАО,Преображенское,"улица Преображенский Вал, дом 24, корпус 1",33427,
ВАО,Преображенское,"улица Преображенский Вал, дом 24, корпус 3",33428,
ВАО,Преображенское,"улица Преображенский Вал, дом 24, корпус 6",29303,
ВАО,Северное Измайлово,"15-я Парковая улица, дом 41, корпус 1",32162,
ВАО,Северное Измайлово,"15-я Парковая улица, дом 41А",32160,
ВАО,Северное Измайлово,"Щёлковское шоссе, дом 92, корпус 3",32192,
ВАО,Северное Измайлово,"улица Константина Федина, дом 3",31866,
ВАО,Северное Измайлово,"улица Константина Федина, дом 5",31877,
ВАО,Сокольники,"3-я Рыбинская улица, дом 12",32573,
ВАО,Сокольники,"3-я Рыбинская улица, дом 19",32572,
ВАО,Сокольники,"3-я Рыбинская улица, дом 28",28329,
ВАО,Сокольники,"Маленковская улица, дом 32, строение 1",33429,
ВАО,Сокольники,"улица Короленко, дом 6А",33430,
ВАО,Сокольники,"улица Матросская Тишина, дом 16",28334,
ВАО,Сокольники,"улица Матросская Тишина, дом 19, корпус 3",29805,
ВАО,Сокольники,"улица Сокольнический Вал, дом 2",32527,
ВАО,Сокольники,"улица Сокольнический Вал, дом 4",32525,
ВАО,Сокольники,"улица Сокольнический Вал, дом 6, корпус 1",32526,
ВАО,Сокольники,"улица Сокольнический Вал, дом 6, корпус 2",32528,
ЗАО,Внуково,"1-я Рейсовая улица, дом 1/21",33092,
ЗАО,Внуково,"1-я Рейсовая улица, дом 5",33097,
ЗАО,Внуково,"1-я Рейсовая улица, дом 7",33098,
ЗАО,Внуково,"2-я Рейсовая улица, дом 12",33099,
ЗАО,Внуково,"2-я Рейсовая улица, дом 14",33100,
ЗАО,Внуково,"2-я Рейсовая улица, дом 8/29",33072,
ЗАО,Внуково,"Аэрофлотская улица, дом 3",33075,
ЗАО,Внуково,"Большая Внуковская улица, дом 23",33093,
ЗАО,Внуково,"Большая Внуковская улица, дом 25",33094,
ЗАО,Внуково,"Большая Внуковская улица, дом 27",33069,
ЗАО,Кунцево,"Бобруйская улица, дом 10, корпус 3",29661,
ЗАО,Кунцево,"Бобруйская улица, дом 16",28545,
ЗАО,Кунцево,"Бобруйская улица, дом 18, корпус 1",29649,
ЗАО,Кунцево,"Бобруйская улица, дом 18, корпус 2",28528,
ЗАО,Кунцево,"Бобруйская улица, дом 20",29647,
ЗАО,Кунцево,"Бобруйская улица, дом 4, корпус 1",28557,
ЗАО,Кунцево,"Бобруйская улица, дом 4, корпус 2",29648,
ЗАО,Кунцево,"Бобруйская улица, дом 6, корпус 1",28388,
ЗАО,Кунцево,"Кунцевская улица, дом 7, корпус 1",33089,
ЗАО,Кунцево,"Кунцевская улица, дом 7, корпус 2",33085,
ЗАО,Кунцево,"Кунцевская улица, дом 9, корпус 1",33087,
ЗАО,Кунцево,"Кунцевская улица, дом 9, корпус 2",33088,
ЗАО,Кунцево,"Молодогвардейская улица, дом 11, корпус 1",28377,
ЗАО,Кунцево,"Молодогвардейская улица, дом 25, корпус 2",32551,
ЗАО,Кунцево,"Молодогвардейская улица, дом 31, корпус 2",32550,
ЗАО,Кунцево,"Молодогвардейская улица, дом 33, корпус 1",28650,
ЗАО,Кунцево,"Молодогвардейская улица, дом 33, корпус 2",32549,
ЗАО,Кунцево,"Молодогвардейская улица, дом 35, корпус 2",32548,
ЗАО,Кунцево,"Молодогвардейская улица, дом 47, корпус 3",28634,
ЗАО,Кунцево,"Молодогвардейская улица, дом 49",29772,
ЗАО,Кунцево,"Молодогвардейская улица, дом 51",28637,
ЗАО,Кунцево,"Молодогвардейская улица, дом 53",28639,
ЗАО,Кунцево,"Молодогвардейская улица, дом 55",28613,
ЗАО,Кунцево,"Оршанская улица, дом 2",33361,
ЗАО,Кунцево,"Оршанская улица, дом 4",28381,
ЗАО,Кунцево,"Оршанская улица, дом 6",28380,
ЗАО,Кунцево,"Оршанская улица, дом 8, корпус 1",28378,
ЗАО,Кунцево,"Оршанская улица, дом 8, корпус 4",29017,
ЗАО,Кунцево,"Партизанская улица, дом 18, корпус 2",32547,
ЗАО,Кунцево,"Партизанская улица, дом 21",28336,
ЗАО,Кунцево,"Партизанская улица, дом 31",28389,
ЗАО,Кунцево,"Партизанская улица, дом 33, корпус 2",28574,
ЗАО,Кунцево,"Партизанская улица, дом 35, корпус 1",28550,
ЗАО,Кунцево,"Партизанская улица, дом 35, корпус 2",28387,
ЗАО,Кунцево,"Партизанская улица, дом 9, корпус 1",32539,
ЗАО,Кунцево,"Полоцкая улица, дом 5, корпус 2",28396,
ЗАО,Кунцево,"Ярцевская улица, дом 11, корпус 2",28566,
ЗАО,Кунцево,"Ярцевская улица, дом 13",28610,
ЗАО,Кунцево,"Ярцевская улица, дом 23",29019,
ЗАО,Кунцево,"Ярцевская улица, дом 25",29018,
ЗАО,Кунцево,"Ярцевская улица, дом 5",28686,
ЗАО,Кунцево,"Ярцевская улица, дом 7",32538,
ЗАО,Кунцево,"Ярцевская улица, дом 9",28611,
ЗАО,Кунцево,"улица Боженко, дом 10, корпус 1",32540,
ЗАО,Кунцево,"улица Боженко, дом 10, корпус 2",32541,
ЗАО,Кунцево,"улица Боженко, дом 10, корпус 3",28649,
ЗАО,Кунцево,"улица Боженко, дом 11, корпус 1",28392,
ЗАО,Кунцево,"улица Боженко, дом 11, корпус 2",28390,
ЗАО,Кунцево,"улица Боженко, дом 12, корпус 1",32542,
ЗАО,Кунцево,"улица Боженко, дом 12, корпус 2",32543,
ЗАО,Кунцево,"улица Боженко, дом 14, корпус 1",32544,
ЗАО,Кунцево,"улица Боженко, дом 14, корпус 2",32546,
ЗАО,Кунцево,"улица Боженко, дом 14, корпус 3",32545,
ЗАО,Кунцево,"улица Боженко, дом 5, корпус 1",28393,
ЗАО,Кунцево,"улица Боженко, дом 7, корпус 1",28632,
ЗАО,Кунцево,"улица Боженко, дом 7, корпус 2",28633,
ЗАО,Кунцево,"улица Боженко, дом 7, корпус 3",28631,
ЗАО,Кунцево,"улица Боженко, дом 9",28629,
ЗАО,Кунцево,"улица Екатерины Будановой, дом 1",33203,
ЗАО,Кунцево,"улица Екатерины Будановой, дом 3",33204,
ЗАО,Кунцево,"улица Ивана Франко, дом 34",29741,
ЗАО,Можайский,"Гродненская улица, дом 7",28495,
ЗАО,Можайский,"Гродненская улица, дом 9",32582,
ЗАО,Можайский,"улица Красных Зорь, дом 23",29704,
ЗАО,Можайский,"улица Красных Зорь, дом 25",28291,
ЗАО,Можайский,"улица Толбухина, дом 2, корпус 1",32563,
ЗАО,Можайский,"улица Толбухина, дом 4, корпус 1",32562,
ЗАО,Ново-Переделкино,"1-я улица Лукино, дом 9",33065,
ЗАО,Ново-Переделкино,"6-я улица Лазенки, дом 28",33128,
ЗАО,Ново-Переделкино,"6-я улица Лазенки, дом 2А",28848,
ЗАО,Ново-Переделкино,"6-я улица Лазенки, дом 3",33131,
ЗАО,Ново-Переделкино,"6-я улица Лазенки, дом 5",33127,
ЗАО,Ново-Переделкино,"6-я улица Лазенки, дом 7",33132,
ЗАО,Ново-Переделкино,"6-я улица Лазенки, дом 8",33197,
ЗАО,Ново-Переделкино,"6-я улица Лазенки, дом 9",33126,
ЗАО,Ново-Переделкино,"7-я улица Лазенки, дом 10",33113,
ЗАО,Ново-Переделкино,"7-я улица Лазенки, дом 2",33120,
ЗАО,Ново-Переделкино,"7-я улица Лазенки, дом 26",33135,
ЗАО,Ново-Переделкино,"7-я улица Лазенки, дом 4",33115,
ЗАО,Ново-Переделкино,"7-я улица Лазенки, дом 6",33117,
ЗАО,Ново-Переделкино,"7-я улица Лазенки, дом 8",33114,
ЗАО,Очаково-Матвеевское,"1-й Очаковский переулок, дом 4",28349,
ЗАО,Очаково-Матвеевское,"улица Наташи Ковшовой, дом 1",28348,
ЗАО,Очаково-Матвеевское,"улица Наташи Ковшовой, дом 3",28350,
ЗАО,Проспект Вернадского,"проспект Вернадского, дом 75",28516,
ЗАО,Проспект Вернадского,"проспект Вернадского, дом 77",28517,
ЗАО,Проспект Вернадского,"улица Коштоянца, дом 23",28483,
ЗАО,Проспект Вернадского,"улица Лобачевского, дом 28",29075,
ЗАО,Проспект Вернадского,"улица Лобачевского, дом 32",29074,
ЗАО,Проспект Вернадского,"улица Лобачевского, дом 34",29769,
ЗАО,Проспект Вернадского,"улица Лобачевского, дом 36",29071,
ЗАО,Проспект Вернадского,"улица Лобачевского, дом 60",28498,
ЗАО,Проспект Вернадского,"улица Лобачевского, дом 62",28497,
ЗАО,Проспект Вернадского,"улица Лобачевского, дом 64",28493,
ЗАО,Проспект Вернадского,"улица Удальцова, дом 49",29815,
ЗАО,Проспект Вернадского,"улица Удальцова, дом 51",28503,
ЗАО,Раменки,"Мичуринский проспект, дом 54, корпус 4",33070,
ЗАО,Раменки,"улица Лобачевского, дом 106",33090,
ЗАО,Солнцево,"Наро-Фоминская улица, дом 11",33433,
ЗАО,Солнцево,"улица 50 лет Октября, дом 2, корпус 1",28769,
ЗАО,Солнцево,"улица Матросова, дом 21",28546,
ЗАО,Солнцево,"улица Матросова, дом 23",28547,
ЗАО,Солнцево,"улица Матросова, дом 25",29090,
ЗАО,Солнцево,"улица Матросова, дом 27",28549,
ЗАО,Солнцево,"улица Матросова, дом 29",29091,
ЗАО,Солнцево,"улица Матросова, дом 5",32598,
ЗАО,Фили-Давыдково,"Кастанаевская улица, дом 32, корпус 1",28593,
ЗАО,Фили-Давыдково,"Кременчугская улица, дом 8",28861,
ЗАО,Фили-Давыдково,"Кутузовский проспект, дом 78",28648,
ЗАО,Фили-Давыдково,"Кутузовский проспект, дом 84",28646,
ЗАО,Фили-Давыдково,"Кутузовский проспект, дом 86",28645,
ЗАО,Фили-Давыдково,"Минская улица, дом 13, корпус 2",29816,
ЗАО,Фили-Давыдково,"Минская улица, дом 17",28627,
ЗАО,Фили-Давыдково,"улица Алексея Свиридова, дом 3",28647,
ЗАО,Фили-Давыдково,"улица Клочкова, дом 2",28644,
ЗАО,Фили-Давыдково,"улица Клочкова, дом 4",29708,
ЗАО,Фили-Давыдково,"улица Клочкова, дом 6",28642,
ЗАО,Фили-Давыдково,"улица Клочкова, дом 8",29713,
ЗАО,Фили-Давыдково,"улица Олеко Дундича, дом 29",28592,
ЗАО,Фили-Давыдково,"улица Олеко Дундича, дом 31",28591,
ЗАО,Фили-Давыдково,"улица Олеко Дундича, дом 33",28590,
ЗАО,Фили-Давыдково,"улица Олеко Дундича, дом 35, корпус 1",28588,
ЗелАО,Крюково,"город Зеленоград, корпус 1806",28435,
ЗелАО,Крюково,"город Зеленоград, корпус 1807",28688,
ЗелАО,Крюково,"город Зеленоград, корпус 1808",28432,
ЗелАО,Крюково,"город Зеленоград, корпус 1809",28433,
ЗелАО,Крюково,"город Зеленоград, корпус 1810",28437,
ЗелАО,Силино,"город Зеленоград, улица Гоголя, дом 11А",29043,
ЗелАО,Силино,"город Зеленоград, улица Гоголя, дом 11Б",28431,
ЗелАО,Силино,"город Зеленоград, улица Гоголя, дом 11В",29044,
САО,Аэропорт,"Большой Коптевский проезд, дом 14, корпус 4",30608,
САО,Аэропорт,"Красноармейская улица, дом 36",30981,
САО,Аэропорт,"Красноармейская улица, дом 38",30982,
САО,Аэропорт,"Ленинградский проспект, дом 54А",30859,
САО,Аэропорт,"Часовая улица, дом 6, корпус 1",30980,
САО,Аэропорт,"Шебашёвский проезд, дом 5",30860,
САО,Аэропорт,"улица Академика Ильюшина, дом 10",30983,
САО,Аэропорт,"улица Константина Симонова, дом 5, корпус 1",30857,
САО,Аэропорт,"улица Константина Симонова, дом 5, корпус 2",30858,
САО,Аэропорт,"улица Сперанского, дом 6",30607,
САО,Бескудниковский,"Бескудниковский бульвар, дом 48, корпус 1",30996,
САО,Бескудниковский,"Бескудниковский бульвар, дом 48, корпус 3",30987,
САО,Бескудниковский,"Бескудниковский бульвар, дом 48, корпус 6",31017,
САО,Бескудниковский,"Бескудниковский бульвар, дом 50",30992,
САО,Бескудниковский,"Бескудниковский бульвар, дом 52",30993,
САО,Бескудниковский,"Бескудниковский бульвар, дом 54",30994,
САО,Бескудниковский,"Дмитровское шоссе, дом 89, корпус 1",30997,
САО,Бескудниковский,"Дмитровское шоссе, дом 89, корпус 2",31014,
САО,Бескудниковский,"Дмитровское шоссе, дом 89, корпус 3",30998,
САО,Бескудниковский,"Дмитровское шоссе, дом 89, корпус 4",30999,
САО,Бескудниковский,"Коровинское шоссе, дом 2/38",31004,
САО,Бескудниковский,"Коровинское шоссе, дом 6",31009,
САО,Бескудниковский,"Коровинское шоссе, дом 8, корпус 1",31010,
САО,Бескудниковский,"Коровинское шоссе, дом 8, корпус 2",31011,
САО,Бескудниковский,"Селигерская улица, дом 32",31020,
САО,Головинский,"Онежская улица, дом 1/2",30883,
САО,Головинский,"Солнечногорская улица, дом 12",30953,
САО,Дмитровский,"Ангарская улица, дом 43",31191,
САО,Дмитровский,"Долгопрудная улица, дом 10",31185,
САО,Дмитровский,"Клязьминская улица, дом 6, корпус 2",31200,
САО,Дмитровский,"Коровинское шоссе, дом 20, корпус 2",31199,
САО,Дмитровский,"Коровинское шоссе, дом 22, корпус 1",28463,
САО,Дмитровский,"Коровинское шоссе, дом 24, корпус 2",31167,
САО,Левобережный,"Ленинградское шоссе, дом 96, корпус 2",31256,
САО,Левобережный,"Ленинградское шоссе, дом 96, корпус 3",31252,
САО,Левобережный,"Ленинградское шоссе, дом 96, корпус 4",31248,
САО,Левобережный,"Ленинградское шоссе, дом 96, корпус 5",31253,
САО,Левобережный,"Ленинградское шоссе, дом 98, корпус 1",31249,
САО,Левобережный,"Ленинградское шоссе, дом 98, корпус 2",31255,
САО,Левобережный,"Ленинградское шоссе, дом 98, корпус 3",31254,
САО,Левобережный,"Ленинградское шоссе, дом 98, корпус 4",31250,
САО,Левобережный,"Ленинградское шоссе, дом 98, корпус 5",31251,
САО,Левобережный,"Смольная улица, дом 67, корпус 1",28477,
САО,Левобережный,"Смольная улица, дом 69",29453,
САО,Левобережный,"Смольная улица, дом 71",29402,
САО,Молжаниновский,"Ленинградское шоссе, дом 248",29405,
САО,Молжаниновский,"Ленинградское шоссе, дом 261, строение 1",28482,
САО,Савёловский,"2-я Хуторская улица, дом 6/14, корпус 1",29456,
САО,Савёловский,"4-й Вятский переулок, дом 20",31257,
САО,Савёловский,"Петровско-Разумовский проезд, дом 25, корпус 1",31260,
САО,Савёловский,"Петровско-Разумовский проезд, дом 25, корпус 2",31259,
САО,Савёловский,"Петровско-Разумовский проезд, дом 25, корпус 3",31258,
САО,Сокол,"Волоколамское шоссе, дом 16Б, корпус 3",31261,
САО,Сокол,"улица Панфилова, дом 8",28484,
САО,Тимирязевский,"Чуксин тупик, дом 7",59494,
САО,Хорошёвский,"1-я Магистральная улица, дом 22, корпус 1",31380,
САО,Хорошёвский,"1-я Магистральная улица, дом 22, корпус 2",31379,
САО,Хорошёвский,"2-й Хорошёвский проезд, дом 7А",31384,
САО,Хорошёвский,"Магистральный переулок, дом 5",31381,
САО,Хорошёвский,"Магистральный переулок, дом 5А",31383,
САО,Хорошёвский,"Магистральный переулок, дом 7, корпус 1",31382,
САО,Хорошёвский,"Хорошёвское шоссе, дом 23, корпус 1",28492,
САО,Хорошёвский,"Хорошёвское шоссе, дом 7, строение 1",31386,
САО,Хорошёвский,"Хорошёвское шоссе, дом 7, строение 2",31385,
СВАО,Бабушкинский,"Верхоянская улица, дом 11",32658,
СВАО,Бабушкинский,"Верхоянская улица, дом 16",32656,
СВАО,Бабушкинский,"Енисейская улица, дом 13, корпус 1",32646,
СВАО,Бабушкинский,"Енисейская улица, дом 13, корпус 2",32653,
СВАО,Бабушкинский,"Енисейская улица, дом 15",29750,
СВАО,Бабушкинский,"Енисейская улица, дом 3, корпус 1",32657,
СВАО,Бабушкинский,"Енисейская улица, дом 3, корпус 2",29751,
СВАО,Бабушкинский,"Ленская улица, дом 17",28928,
СВАО,Бабушкинский,"Ленская улица, дом 19",28930,
СВАО,Бабушкинский,"Ленская улица, дом 21",28929,
СВАО,Бабушкинский,"Осташковская улица, дом 9, корпус 2",33306,
СВАО,Бабушкинский,"Осташковская улица, дом 9, корпус 3",28904,
СВАО,Бабушкинский,"Осташковская улица, дом 9, корпус 4",28903,
СВАО,Бабушкинский,"улица Коминтерна, дом 2, корпус 1",28939,
СВАО,Бабушкинский,"улица Лётчика Бабушкина, дом 27",29674,
СВАО,Бабушкинский,"улица Лётчика Бабушкина, дом 8",28937,
СВАО,Бибирево,"улица Плещеева, дом 15А",28496,
СВАО,Бибирево,"улица Плещеева, дом 15Б",28504,
СВАО,Бутырский,"улица Фонвизина, дом 6",29797,
СВАО,Лианозово,"Абрамцевская улица, дом 4",28698,
СВАО,Лианозово,"Абрамцевская улица, дом 4, корпус 1",28862,
СВАО,Лианозово,"Илимская улица, дом 5",28699,
СВАО,Лианозово,"Илимская улица, дом 5Б",32662,
СВАО,Лианозово,"Псковская улица, дом 4",32661,
СВАО,Отрадное,"Берёзовая аллея, дом 12",29275,
СВАО,Отрадное,"Берёзовая аллея, дом 14",29274,
СВАО,Отрадное,"Отрадный проезд, дом 10",29283,
СВАО,Отрадное,"Отрадный проезд, дом 2А",29277,
СВАО,Отрадное,"Отрадный проезд, дом 4",29282,
СВАО,Отрадное,"Отрадный проезд, дом 6",29279,
СВАО,Отрадное,"Отрадный проезд, дом 8",29281,
СВАО,Ростокино,"проспект Мира, дом 188А",29291,
СВАО,Свиблово,"улица Амундсена, дом 14",33431,
СВАО,Северный,"9-я Северная линия, дом 1",29375,
СВАО,Северный,"9-я Северная линия, дом 3",29373,
СВАО,Северный,"9-я Северная линия, дом 7",29657,
СВАО,Северный,"9-я Северная линия, дом 9",29662,
СВАО,Южное Медведково,"Полярная улица, дом 3, корпус 1",29794,
СВАО,Южное Медведково,"проезд Дежнёва, дом 22, корпус 3",28533,
СВАО,Южное Медведково,"проезд Дежнёва, дом 30, корпус 3",28537,
СВАО,Южное Медведково,"проезд Дежнёва, дом 32",28542,
СЗАО,Покровское-Стрешнево,"Большая Набережная улица, дом 13",28565,
СЗАО,Покровское-Стрешнево,"Вишнёвая улица, дом 12",28548,
СЗАО,Покровское-Стрешнево,"Вишнёвая улица, дом 18",29436,
СЗАО,Покровское-Стрешнево,"Волоколамское шоссе, дом 108",29620,
СЗАО,Покровское-Стрешнево,"Врачебный проезд, дом 4",32844,
СЗАО,Покровское-Стрешнево,"Врачебный проезд, дом 6, корпус 1",32845,
СЗАО,Покровское-Стрешнево,"Врачебный проезд, дом 6, корпус 2",29834,
СЗАО,Покровское-Стрешнево,"Подмосковная улица, дом 2/4",28556,
СЗАО,Покровское-Стрешнево,"Подмосковная улица, дом 4",28567,
СЗАО,Покровское-Стрешнево,"Полесский проезд, дом 10",28931,
СЗАО,Покровское-Стрешнево,"Полесский проезд, дом 8",29835,
СЗАО,Покровское-Стрешнево,"Сосновая аллея, дом 4",32846,
СЗАО,Покровское-Стрешнево,"улица Водников, дом 14",28558,
СЗАО,Покровское-Стрешнево,"улица Водников, дом 18",32851,
СЗАО,Покровское-Стрешнево,"улица Водников, дом 20",32852,
СЗАО,Покровское-Стрешнево,"улица Водников, дом 3",28403,
СЗАО,Покровское-Стрешнево,"улица Водников, дом 7",32850,
СЗАО,Покровское-Стрешнево,"улица Свободы, дом 1, корпус 4",28834,
СЗАО,Покровское-Стрешнево,"улица Свободы, дом 7А",28780,
СЗАО,Покровское-Стрешнево,"улица Свободы, дом 9",28770,
СЗАО,Северное Тушино,"Планерная улица, дом 1, корпус 2",29445,
СЗАО,Северное Тушино,"Планерная улица, дом 1, корпус 3",29447,
СЗАО,Северное Тушино,"Планерная улица, дом 1, корпус 4",29450,
СЗАО,Северное Тушино,"улица Героев Панфиловцев, дом 12, корпус 2",29822,
СЗАО,Северное Тушино,"улица Героев Панфиловцев, дом 14, корпус 2",29451,
СЗАО,Северное Тушино,"улица Героев Панфиловцев, дом 16, корпус 2",29454,
СЗАО,Северное Тушино,"улица Героев Панфиловцев, дом 16, корпус 3",29452,
СЗАО,Хорошёво-Мнёвники,"3-я Хорошёвская улица, дом 7",29471,
СЗАО,Хорошёво-Мнёвники,"набережная Новикова-Прибоя, дом 14, корпус 2",77790,
СЗАО,Хорошёво-Мнёвники,"проспект Маршала Жукова, дом 15, корпус 1",29629,
СЗАО,Хорошёво-Мнёвники,"проспект Маршала Жукова, дом 15, корпус 2",29641,
СЗАО,Хорошёво-Мнёвники,"проспект Маршала Жукова, дом 17, корпус 3",29642,
СЗАО,Хорошёво-Мнёвники,"проспект Маршала Жукова, дом 20, корпус 1",29644,
СЗАО,Хорошёво-Мнёвники,"проспект Маршала Жукова, дом 22, корпус 2",29654,
СЗАО,Хорошёво-Мнёвники,"улица Демьяна Бедного, дом 6",28573,
СЗАО,Хорошёво-Мнёвники,"улица Маршала Тухачевского, дом 22, корпус 2",29539,
СЗАО,Хорошёво-Мнёвники,"улица Маршала Тухачевского, дом 24, корпус 2",29586,
СЗАО,Хорошёво-Мнёвники,"улица Маршала Тухачевского, дом 38, корпус 2",29578,
СЗАО,Хорошёво-Мнёвники,"улица Маршала Тухачевского, дом 40, корпус 1",28578,
СЗАО,Хорошёво-Мнёвники,"улица Маршала Тухачевского, дом 40, корпус 2",29585,
СЗАО,Хорошёво-Мнёвники,"улица Маршала Тухачевского, дом 42, корпус 1",29440,
СЗАО,Хорошёво-Мнёвники,"улица Маршала Тухачевского, дом 42, корпус 2",29597,
СЗАО,Хорошёво-Мнёвники,"улица Маршала Тухачевского, дом 44, корпус 2",29645,
СЗАО,Хорошёво-Мнёвники,"улица Саляма Адиля, дом 9, корпус 1",29625,
СЗАО,Хорошёво-Мнёвники,"улица Саляма Адиля, дом 9, корпус 2",29623,
СЗАО,Южное Тушино,"Аэродромная улица, дом 10, корпус 2",29022,
СЗАО,Южное Тушино,"Аэродромная улица, дом 12, корпус 1",29021,
СЗАО,Южное Тушино,"Аэродромная улица, дом 14",29020,
СЗАО,Южное Тушино,"Аэродромная улица, дом 15",29008,
СЗАО,Южное Тушино,"Аэродромная улица, дом 16",29016,
СЗАО,Южное Тушино,"Лодочная улица, дом 1, строение 1",32788,
СЗАО,Южное Тушино,"Лодочная улица, дом 5, строение 1",32789,
СЗАО,Южное Тушино,"Нелидовская улица, дом 12, корпус 1",29694,
СЗАО,Южное Тушино,"Нелидовская улица, дом 12, корпус 2",29693,
СЗАО,Южное Тушино,"Нелидовская улица, дом 13, корпус 1",29696,
СЗАО,Южное Тушино,"Нелидовская улица, дом 13, корпус 2",29707,
СЗАО,Южное Тушино,"Нелидовская улица, дом 15, корпус 1",29695,
СЗАО,Южное Тушино,"Нелидовская улица, дом 15, корпус 2",29714,
СЗАО,Южное Тушино,"Нелидовская улица, дом 20, корпус 2",29023,
СЗАО,Южное Тушино,"Нелидовская улица, дом 9, корпус 1",29697,
СЗАО,Южное Тушино,"Нелидовская улица, дом 9, корпус 2",29706,
СЗАО,Южное Тушино,"Новопоселковая улица, дом 13А",32787,
СЗАО,Южное Тушино,"Новопоселковая улица, дом 15",29735,
СЗАО,Южное Тушино,"Новопоселковая улица, дом 15А",32843,
СЗАО,Южное Тушино,"Новопоселковая улица, дом 3",32842,
СЗАО,Южное Тушино,"Новопоселковая улица, дом 5",32785,
СЗАО,Южное Тушино,"Новопоселковая улица, дом 5А",29734,
СЗАО,Южное Тушино,"Новопоселковая улица, дом 9Б",32786,
СЗАО,Южное Тушино,"Парусный проезд, д. 5",33432,
СЗАО,Южное Тушино,"Парусный проезд, дом 1",29143,
СЗАО,Южное Тушино,"Парусный проезд, дом 11",29139,
СЗАО,Южное Тушино,"Парусный проезд, дом 12",32774,
СЗАО,Южное Тушино,"Парусный проезд, дом 15",29138,
СЗАО,Южное Тушино,"Парусный проезд, дом 3",29142,
СЗАО,Южное Тушино,"Парусный проезд, дом 4",32773,
СЗАО,Южное Тушино,"Парусный проезд, дом 8",29136,
СЗАО,Южное Тушино,"Парусный проезд, дом 9",29140,
СЗАО,Южное Тушино,"Сходненская улица, дом 11",28628,
СЗАО,Южное Тушино,"Сходненская улица, дом 13",32776,
СЗАО,Южное Тушино,"Сходненская улица, дом 15",29715,
СЗАО,Южное Тушино,"Сходненская улица, дом 18А",32841,
СЗАО,Южное Тушино,"Сходненская улица, дом 19/13",32777,
СЗАО,Южное Тушино,"Сходненская улица, дом 42",32775,
СЗАО,Южное Тушино,"Сходненская улица, дом 4А",32840,
СЗАО,Южное Тушино,"Сходненская улица, дом 52, корпус 1",29692,
СЗАО,Южное Тушино,"Сходненская улица, дом 52, корпус 3",29197,
СЗАО,Южное Тушино,"Туристская улица, дом 11",29481,
СЗАО,Южное Тушино,"Туристская улица, дом 3",29479,
СЗАО,Южное Тушино,"Туристская улица, дом 7",29480,
СЗАО,Южное Тушино,"Химкинский бульвар, дом 11",29039,
СЗАО,Южное Тушино,"Химкинский бульвар, дом 15",29129,
СЗАО,Южное Тушино,"Химкинский бульвар, дом 19, корпус 1",29150,
СЗАО,Южное Тушино,"Химкинский бульвар, дом 19, корпус 2",29153,
СЗАО,Южное Тушино,"Цветочный проезд, дом 11, строение 1",29732,
СЗАО,Южное Тушино,"Цветочный проезд, дом 13",32784,
СЗАО,Южное Тушино,"Цветочный проезд, дом 15",32783,
СЗАО,Южное Тушино,"Цветочный проезд, дом 9, строение 1",29733,
СЗАО,Южное Тушино,"Штурвальная улица, дом 14",29189,
СЗАО,Южное Тушино,"Штурвальная улица, дом 7, корпус 1",29841,
СЗАО,Южное Тушино,"бульвар Яна Райниса, дом 15",29009,
СЗАО,Южное Тушино,"бульвар Яна Райниса, дом 17, корпус 1",29010,
СЗАО,Южное Тушино,"бульвар Яна Райниса, дом 5",29799,
СЗАО,Южное Тушино,"бульвар Яна Райниса, дом 7",29187,
СЗАО,Южное Тушино,"бульвар Яна Райниса, дом 9",29005,
СЗАО,Южное Тушино,"проезд Донелайтиса, дом 22",28983,
СЗАО,Южное Тушино,"проезд Донелайтиса, дом 24",29754,
СЗАО,Южное Тушино,"проезд Донелайтиса, дом 26",28982,
СЗАО,Южное Тушино,"проезд Донелайтиса, дом 28",29488,
СЗАО,Южное Тушино,"проезд Донелайтиса, дом 30",29487,
СЗАО,Южное Тушино,"проезд Донелайтиса, дом 32",29486,
СЗАО,Южное Тушино,"проезд Донелайтиса, дом 34",29485,
СЗАО,Южное Тушино,"проезд Донелайтиса, дом 36",29483,
СЗАО,Южное Тушино,"проезд Донелайтиса, дом 38",29482,
СЗАО,Южное Тушино,"улица Свободы, дом 49, корпус 1",29789,
СЗАО,Южное Тушино,"улица Свободы, дом 53, корпус 1",29194,
СЗАО,Южное Тушино,"улица Свободы, дом 55",29193,
СЗАО,Южное Тушино,"улица Фабрициуса, дом 10, корпус 1",29144,
СЗАО,Южное Тушино,"улица Фабрициуса, дом 12",29145,
СЗАО,Южное Тушино,"улица Фабрициуса, дом 14",29146,
СЗАО,Южное Тушино,"улица Фабрициуса, дом 15, корпус 1",32779,
СЗАО,Южное Тушино,"улица Фабрициуса, дом 15, корпус 2",32778,
СЗАО,Южное Тушино,"улица Фабрициуса, дом 16",29148,
СЗАО,Южное Тушино,"улица Фабрициуса, дом 17, корпус 1",32780,
СЗАО,Южное Тушино,"улица Фабрициуса, дом 19, корпус 1",32782,
СЗАО,Южное Тушино,"улица Фабрициуса, дом 19, корпус 2",32781,
СЗАО,Южное Тушино,"улица Фабрициуса, дом 23, корпус 1",29723,
СЗАО,Южное Тушино,"улица Фабрициуса, дом 23, корпус 2",29720,
СЗАО,Южное Тушино,"улица Фабрициуса, дом 25, корпус 1",29725,
СЗАО,Южное Тушино,"улица Фабрициуса, дом 25, корпус 2",29721,
СЗАО,Южное Тушино,"улица Фабрициуса, дом 27, корпус 1",29726,
СЗАО,Южное Тушино,"улица Фабрициуса, дом 27, корпус 2",29722,
СЗАО,Южное Тушино,"улица Фабрициуса, дом 29, корпус 1",29727,
СЗАО,Южное Тушино,"улица Фабрициуса, дом 33, корпус 1",29728,
СЗАО,Южное Тушино,"улица Фабрициуса, дом 33, корпус 2",29730,
СЗАО,Южное Тушино,"улица Фабрициуса, дом 33, корпус 4",29731,
СЗАО,Южное Тушино,"улица Фабрициуса, дом 34, корпус 2",29024,
СЗАО,Южное Тушино,"улица Фабрициуса, дом 38, корпус 2",29026,
СЗАО,Южное Тушино,"улица Фабрициуса, дом 46",29027,
СЗАО,Южное Тушино,"улица Фабрициуса, дом 48",29028,
СЗАО,Южное Тушино,"улица Фабрициуса, дом 56, корпус 1",29186,
ТиНАО,"""Мосрентген""","поселение Мосрентген, Военный городок, улица Теплый Стан, дом 51",29222,
ТиНАО,"""Мосрентген""","поселение Мосрентген, Военный городок, улица Теплый Стан, дом 52",29223,
ТиНАО,"""Мосрентген""","поселение Мосрентген, Военный городок, улица Теплый Стан, дом 53",29227,
ТиНАО,"""Мосрентген""","поселение Мосрентген, Военный городок, улица Теплый Стан, дом 85",29228,
ТиНАО,"""Мосрентген""","поселение Мосрентген, посёлок Завода Мосрентген, дом 11",33412,
ТиНАО,"""Мосрентген""","поселение Мосрентген, посёлок Завода Мосрентген, дом 18",28855,
ТиНАО,"""Мосрентген""","поселение Мосрентген, посёлок Завода Мосрентген, дом 19",33364,
ТиНАО,"""Мосрентген""","поселение Мосрентген, посёлок Завода Мосрентген, дом 20",33401,
ТиНАО,"""Мосрентген""","поселение Мосрентген, посёлок Завода Мосрентген, дом 21",28858,
ТиНАО,"""Мосрентген""","поселение Мосрентген, посёлок Завода Мосрентген, дом 25",33367,
ТиНАО,"""Мосрентген""","поселение Мосрентген, посёлок Завода Мосрентген, дом 26",33402,
ТиНАО,"""Мосрентген""","поселение Мосрентген, посёлок Завода Мосрентген, дом 5",33413,
ТиНАО,"""Мосрентген""","поселение Мосрентген, посёлок Завода Мосрентген, дом 8",28863,
ТиНАО,"""Мосрентген""","поселение Мосрентген, посёлок Завода Мосрентген, дом 9",33396,
ТиНАО,"""Мосрентген""","поселение Мосрентген, посёлок Завода Мосрентген, улица Героя России Соломатина, дом 15",28867,
ТиНАО,"""Мосрентген""","поселение Мосрентген, улица Адмирала Корнилова, дом 14, корпус 1",29236,
ТиНАО,"""Мосрентген""","поселение Мосрентген, улица Адмирала Корнилова, дом 14, корпус 2",29240,
ТиНАО,Внуковское,"поселение Внуковское, поселок ДСК Мичуринец, Гаражный переулок, д.8/КБ/Н",29272,
ТиНАО,Внуковское,"поселение Внуковское, посёлок Внуково, дом 25",29267,
ТиНАО,Внуковское,"поселение Внуковское, посёлок Внуково, дом 31",29268,
ТиНАО,Внуковское,"поселение Внуковское, посёлок ДСК Мичуринец, улица Горького, дом 2",28760,
ТиНАО,Внуковское,"поселение Внуковское, посёлок ДСК Мичуринец, улица Лермонтова, дом 11",29276,
ТиНАО,Внуковское,"поселение Внуковское, посёлок ДСК Мичуринец, улица Погодина, дом 3",28779,
ТиНАО,Вороновское,"поселение Вороновское, деревня Бабенки, дом 1",28781,
ТиНАО,Вороновское,"поселение Вороновское, деревня Бабенки, дом 2",29278,
ТиНАО,Вороновское,"поселение Вороновское, деревня Львово, Весенняя улица, дом 1",28782,
ТиНАО,Вороновское,"поселение Вороновское, деревня Львово, Весенняя улица, дом 2",28785,
ТиНАО,Вороновское,"поселение Вороновское, деревня Львово, Весенняя улица, дом 3",28786,
ТиНАО,Вороновское,"поселение Вороновское, деревня Львово, Железнодорожная улица, дом 1",28788,
ТиНАО,Вороновское,"поселение Вороновское, деревня Львово, Железнодорожная улица, дом 2",29582,
ТиНАО,Вороновское,"поселение Вороновское, посёлок ЛМС, микрорайон Центральный, дом 1",28802,
ТиНАО,Вороновское,"поселение Вороновское, посёлок ЛМС, микрорайон Центральный, дом 12",29584,
ТиНАО,Вороновское,"поселение Вороновское, посёлок ЛМС, микрорайон Центральный, дом 20",28630,
ТиНАО,Вороновское,"поселение Вороновское, посёлок ЛМС, микрорайон Центральный, дом 21",28635,
ТиНАО,Вороновское,"поселение Вороновское, посёлок ЛМС, микрорайон Центральный, дом 3",28636,
ТиНАО,Вороновское,"поселение Вороновское, посёлок ЛМС, микрорайон Центральный, дом 4",28804,
ТиНАО,Вороновское,"поселение Вороновское, посёлок ЛМС, микрорайон “Центральный“, дом 2",29702,
ТиНАО,Вороновское,"поселение Вороновское, село Вороновское, микрорайон Пролетарский, дом 1",29213,
ТиНАО,Десёновское,"поселение Десеновское, 1-я Ватутинская улица, дом 13",29484,
ТиНАО,Десёновское,"поселение Десеновское, 1-я Ватутинская улица, дом 5",28805,
ТиНАО,Десёновское,"поселение Десеновское, 2-я Ватутинская улица, дом 7, корпус 1",28638,
ТиНАО,Десёновское,"поселение Десеновское, Офицерская улица, дом 12",28640,
ТиНАО,Десёновское,"поселение Десеновское, деревня Десна, микрорайон № 2, дом 1",29280,
ТиНАО,Десёновское,"поселение Десеновское, улица Дмитрия Кабалевского, дом 5",28641,
ТиНАО,Десёновское,"поселение Десеновское, улица Дмитрия Кабалевского, дом 8",28806,
ТиНАО,Десёновское,"поселение Десеновское, улица Дмитрия Рябинкина, дом 6",28808,
ТиНАО,Десёновское,"поселение Десеновское, улица Дмитрия Рябинкина, дом 7",28813,
ТиНАО,Десёновское,"поселение Десеновское, улица Дмитрия Рябинкина, дом 8",28818,
ТиНАО,Десёновское,"поселение Десеновское, улица Дмитрия Рябинкина, дом 9, корпус 2",28821,
ТиНАО,Киевский,"поселение Киевский, посёлок Станции Мачихино, дом 1",29285,
ТиНАО,Кокошкино,"поселение Кокошкино, дачный посёлок Кокошкино, Школьная улица, дом 1",28668,
ТиНАО,Кокошкино,"поселение Кокошкино, дачный посёлок Кокошкино, Школьная улица, дом 10",28832,
ТиНАО,Кокошкино,"поселение Кокошкино, дачный посёлок Кокошкино, Школьная улица, дом 3А",28678,
ТиНАО,Кокошкино,"поселение Кокошкино, дачный посёлок Кокошкино, Школьная улица, дом 7",28682,
ТиНАО,Кокошкино,"поселение Кокошкино, дачный посёлок Кокошкино, Школьная улица, дом 9",28687,
ТиНАО,Кокошкино,"поселение Кокошкино, дачный посёлок Кокошкино, улица Ленина, дом 2",28651,
ТиНАО,Кокошкино,"поселение Кокошкино, дачный посёлок Кокошкино, улица Ленина, дом 4",28653,
ТиНАО,Кокошкино,"поселение Кокошкино, дачный посёлок Кокошкино, улица Ленина, дом 8",28654,
ТиНАО,Кокошкино,"поселение Кокошкино, дачный посёлок Кокошкино, улица Труда, дом 1",33385,
ТиНАО,Кокошкино,"поселение Кокошкино, дачный посёлок Кокошкино, улица Труда, дом 2",33383,
ТиНАО,Кокошкино,"поселение Кокошкино, дачный посёлок Кокошкино, улица Труда, дом 3",33403,
ТиНАО,Кокошкино,"поселение Кокошкино, дачный посёлок Кокошкино, улица Труда, дом 4",33373,
ТиНАО,Кокошкино,"поселение Кокошкино, дачный посёлок Кокошкино, улица Труда, дом 5",28658,
ТиНАО,Кокошкино,"поселение Кокошкино, дачный посёлок Кокошкино, улица Труда, дом 6",28830,
ТиНАО,Краснопахорское,"поселение Краснопахорское, село Красная Пахра, Заводская улица, дом 13А",28844,
ТиНАО,Краснопахорское,"поселение Краснопахорское, село Красная Пахра, дом 1",28839,
ТиНАО,Краснопахорское,"поселение Краснопахорское, село Красная Пахра, дом 2",28689,
ТиНАО,Краснопахорское,"поселение Краснопахорское, село Красная Пахра, дом 21",29498,
ТиНАО,Краснопахорское,"поселение Краснопахорское, село Красная Пахра, дом 8",28841,
ТиНАО,Марушкинское,"поселение Марушкинское, деревня Акиньшино, пансионат Зорька, дом 1",29294,
ТиНАО,Марушкинское,"поселение Марушкинское, деревня Акиньшино, пансионат Зорька, дом 2",29306,
ТиНАО,Марушкинское,"поселение Марушкинское, деревня Марушкино, Агрохимическая улица, дом 2",28845,
ТиНАО,Марушкинское,"поселение Марушкинское, деревня Марушкино, улица Парковая, дом 16",29308,
ТиНАО,Марушкинское,"поселение Марушкинское, посёлок Красные Горки, дом 3",28850,
ТиНАО,Марушкинское,"поселение Марушкинское, посёлок Красные Горки, дом 5 ",29311,
ТиНАО,Марушкинское,"поселение Марушкинское, посёлок Совхоза Крёкшино, дом 20",29314,
ТиНАО,Марушкинское,"поселение Марушкинское, посёлок Совхоза Крёкшино, дом 36",29217,
ТиНАО,Марушкинское,"поселение Марушкинское, посёлок Совхоза Крёкшино, дом 37",29220,
ТиНАО,Марушкинское,"поселение Марушкинское, посёлок Совхоза Крёкшино, дом 5",29321,
ТиНАО,Марушкинское,"поселение Марушкинское, посёлок Совхоза Крёкшино, дом 8",29333,
ТиНАО,Марушкинское,"поселение Марушкинское, посёлок станции Крёкшино, 1-я Железнодорожная улица, дом 6",29336,
ТиНАО,Марушкинское,"поселение Марушкинское, посёлок станции Крёкшино, 1-я Железнодорожная улица, дом 7",29338,
ТиНАО,Марушкинское,"поселение Марушкинское, посёлок станции Крёкшино, 1-я Железнодорожная улица, дом 8",29356,
ТиНАО,Марушкинское,"поселение Марушкинское, посёлок станции Крёкшино, 2-я Заводская улица, дом 149",29367,
ТиНАО,Михайлово-Ярцевское,"поселение Михайлово-Ярцевское, поселок Армейский, дом 13",29495,
ТиНАО,Михайлово-Ярцевское,"поселение Михайлово-Ярцевское, поселок Армейский, дом 3",29546,
ТиНАО,Михайлово-Ярцевское,"поселение Михайлово-Ярцевское, поселок Армейский, дом 4",29496,
ТиНАО,Михайлово-Ярцевское,"поселение Михайлово-Ярцевское, поселок Армейский, дом 6",29525,
ТиНАО,Михайлово-Ярцевское,"поселение Михайлово-Ярцевское, посёлок Армейский, дом 11",33271,
ТиНАО,Михайлово-Ярцевское,"поселение Михайлово-Ярцевское, посёлок Армейский, дом 32",33394,
ТиНАО,Михайлово-Ярцевское,"поселение Михайлово-Ярцевское, посёлок Армейский, дом 33",29094,
ТиНАО,Михайлово-Ярцевское,"поселение Михайлово-Ярцевское, посёлок Армейский, дом 34",33395,
ТиНАО,Михайлово-Ярцевское,"поселение Михайлово-Ярцевское, посёлок Армейский, дом 35",29253,
ТиНАО,Михайлово-Ярцевское,"поселение Михайлово-Ярцевское, посёлок Армейский, дом 36",33381,
ТиНАО,Михайлово-Ярцевское,"поселение Михайлово-Ярцевское, посёлок Дома Отдыха Плесково, дом 1",28695,
ТиНАО,Михайлово-Ярцевское,"поселение Михайлово-Ярцевское, посёлок Шишкин Лес, дом 5",33388,
ТиНАО,Михайлово-Ярцевское,"поселение Михайлово-Ярцевское, посёлок Шишкин Лес, дом 6",33408,
ТиНАО,Михайлово-Ярцевское,"поселение Михайлово-Ярцевское, посёлок Шишкин Лес, дом 9",33391,
ТиНАО,Михайлово-Ярцевское,"поселение Михайлово-Ярцевское, село Михайловское, дом 15",28852,
ТиНАО,Московский,"город Московский, 1-й микрорайон, дом 29",28853,
ТиНАО,Московский,"город Московский, 1-й микрорайон, дом 33",28854,
ТиНАО,Московский,"город Московский, 1-й микрорайон, дом 5",28697,
ТиНАО,Новофёдоровское,"поселение Новофедоровское, деревня Белоусово, дом 1",29371,
ТиНАО,Новофёдоровское,"поселение Новофедоровское, деревня Белоусово, дом 2",29388,
ТиНАО,Новофёдоровское,"поселение Новофедоровское, посёлок Зосимова Пустынь, дом 3",29502,
ТиНАО,Первомайское,"поселение Первомайское, посёлок Первомайское, Парковая улица, дом 13",28878,
ТиНАО,Первомайское,"поселение Первомайское, посёлок Первомайское, Парковая улица, дом 19",28701,
ТиНАО,Первомайское,"поселение Первомайское, посёлок Первомайское, Парковая улица, дом 6",28883,
ТиНАО,Первомайское,"поселение Первомайское, посёлок Первомайское, Рабочая улица, дом 10",29548,
ТиНАО,Первомайское,"поселение Первомайское, посёлок Первомайское, Рабочая улица, дом 6",28889,
ТиНАО,Первомайское,"поселение Первомайское, посёлок Первомайское, Рабочая улица, дом 8",28703,
ТиНАО,Первомайское,"поселение Первомайское, посёлок Первомайское, Центральная улица, дом 4",29492,
ТиНАО,Первомайское,"поселение Первомайское, посёлок Первомайское, Центральная улица, дом 6",29505,
ТиНАО,Первомайское,"поселение Первомайское, посёлок Птичное, Лесная улица, дом 73",29549,
ТиНАО,Первомайское,"поселение Первомайское, посёлок Птичное, Лесная улица, дом 75",29699,
ТиНАО,Первомайское,"поселение Первомайское, посёлок Птичное, Лесная улица, дом 77",28705,
ТиНАО,Первомайское,"поселение Первомайское, посёлок Птичное, Лесная улица, дом 78",28708,
ТиНАО,Первомайское,"поселение Первомайское, посёлок Птичное, Лесная улица, дом 83",28892,
ТиНАО,Первомайское,"поселение Первомайское, посёлок Птичное, Центральная улица, дом 1",29265,
ТиНАО,Первомайское,"поселение Первомайское, посёлок Птичное, Центральная улица, дом 17",33081,
ТиНАО,Первомайское,"поселение Первомайское, посёлок Птичное, Центральная улица, дом 18",33414,
ТиНАО,Первомайское,"поселение Первомайское, посёлок Птичное, Центральная улица, дом 2",29413,
ТиНАО,Первомайское,"поселение Первомайское, посёлок Птичное, Центральная улица, дом 20",32405,
ТиНАО,Первомайское,"поселение Первомайское, посёлок Птичное, Центральная улица, дом 22",32848,
ТиНАО,Первомайское,"поселение Первомайское, посёлок Птичное, Центральная улица, дом 3",29428,
ТиНАО,Первомайское,"поселение Первомайское, посёлок Птичное, Центральная улица, дом 69",33417,
ТиНАО,Первомайское,"поселение Первомайское, посёлок Птичное, Центральная улица, дом 70",33418,
ТиНАО,Первомайское,"поселение Первомайское, посёлок Птичное, Центральная улица, дом 71",33419,
ТиНАО,Первомайское,"поселение Первомайское, посёлок Птичное, Центральная улица, дом 72",33420,
ТиНАО,Первомайское,"поселение Первомайское, посёлок Птичное, Центральная улица, дом 74",33421,
ТиНАО,Первомайское,"поселение Первомайское, посёлок Птичное, Центральная улица, дом 76",33416,
ТиНАО,Первомайское,"поселение Первомайское, посёлок Птичное, улица Центральная Усадьба, дом 12",29242,
ТиНАО,Первомайское,"поселение Первомайское, посёлок Птичное, улица Центральная Усадьба, дом 2",28899,
ТиНАО,Первомайское,"поселение Первомайское, посёлок Птичное, улица Центральная Усадьба, дом 23А",28304,
ТиНАО,Первомайское,"поселение Первомайское, посёлок Птичное, улица Центральная Усадьба, дом 3А",29263,
ТиНАО,Первомайское,"поселение Первомайское, хутор Ильичёвка, дом 3",28710,
ТиНАО,Первомайское,"посёлок Первомайское, Парковая улица, дом 15",29398,
ТиНАО,Рязановское,"поселение Рязановское, деревня Мостовское, дом 2",29461,
ТиНАО,Рязановское,"поселение Рязановское, посёлок Знамя Октября, дом 14",28902,
ТиНАО,Рязановское,"поселение Рязановское, посёлок Знамя Октября, дом 2",33392,
ТиНАО,Рязановское,"поселение Рязановское, посёлок Знамя Октября, дом 21",33400,
ТиНАО,Рязановское,"поселение Рязановское, посёлок Знамя Октября, дом 6",33393,
ТиНАО,Рязановское,"поселение Рязановское, посёлок Знамя Октября, дом 7",33377,
ТиНАО,Рязановское,"поселение Рязановское, посёлок Остафьево, дом 7",28908,
ТиНАО,Рязановское,"поселение Рязановское, посёлок Остафьево, дом 9",28711,
ТиНАО,Рязановское,"поселение Рязановское, посёлок Фабрики имени 1 Мая, дом 17",29515,
ТиНАО,Рязановское,"поселение Рязановское, посёлок Фабрики имени 1 Мая, дом 39",28920,
ТиНАО,Рязановское,"поселение Рязановское, посёлок Фабрики имени 1 Мая, дом 40",28933,
ТиНАО,Рязановское,"поселение Рязановское, посёлок Фабрики имени 1 Мая, дом 41",28936,
ТиНАО,Рязановское,"поселение Рязановское, посёлок Фабрики имени 1 Мая, дом 42",28938,
ТиНАО,Рязановское,"поселение Рязановское, посёлок Фабрики имени 1 Мая, дом 43",28943,
ТиНАО,Рязановское,"поселение Рязановское, посёлок Фабрики имени 1 Мая, дом 45",28946,
ТиНАО,Рязановское,"поселение Рязановское, посёлок Фабрики имени 1 Мая, дом 5",28952,
ТиНАО,Сосенское,"поселение Сосенское, посёлок Коммунарка, дом 104",29517,
ТиНАО,Троицк,"город Троицк, Лесная улица, дом 5",29682,
ТиНАО,Троицк,"город Троицк, Новая улица, дом 3",29519,
ТиНАО,Троицк,"город Троицк, Парковый переулок, дом 2",28955,
ТиНАО,Троицк,"город Троицк, Парковый переулок, дом 5",28959,
ТиНАО,Троицк,"город Троицк, Пионерская улица, дом 1",29521,
ТиНАО,Троицк,"город Троицк, Пионерская улица, дом 7",28964,
ТиНАО,Троицк,"город Троицк, Спортивная улица, дом 1",28973,
ТиНАО,Троицк,"город Троицк, Спортивная улица, дом 3",28974,
ТиНАО,Троицк,"город Троицк, Спортивная улица, дом 5",28713,
ТиНАО,Троицк,"город Троицк, Спортивная улица, дом 6",29555,
ТиНАО,Троицк,"город Троицк, Спортивная улица, дом 8",28715,
ТиНАО,Троицк,"город Троицк, Спортивная улица, дом 9",28977,
ТиНАО,Троицк,"город Троицк, Фабричная площадь, дом 5",28981,
ТиНАО,Троицк,"город Троицк, Школьная улица, дом 8",29565,
ТиНАО,Троицк,"город Троицк, улица Пушковых, дом 9",28978,
ТиНАО,Троицк,"город Троицк, улица Текстильщиков, дом 1А",28721,
ТиНАО,Троицк,"город Троицк, улица Текстильщиков, дом 2А",28979,
ТиНАО,Филимонковское,"поселение Филимонковское, деревня Марьино, дом 10",28985,
ТиНАО,Филимонковское,"поселение Филимонковское, деревня Марьино, дом 13",28987,
ТиНАО,Филимонковское,"поселение Филимонковское, деревня Марьино, дом 9",28990,
ТиНАО,Филимонковское,"поселение Филимонковское, посёлок Филимонки, дом 2",29003,
ТиНАО,Филимонковское,"поселение Филимонковское, посёлок Филимонки, дом 5",29006,
ТиНАО,Щаповское,"поселение Щаповское, деревня Кузенево, дом 11",29007,
ТиНАО,Щаповское,"поселение Щаповское, поселок ДРП-3, дом 1",29011,
ТиНАО,Щаповское,"поселение Щаповское, поселок ДРП-3, дом 2",29014,
ТиНАО,Щаповское,"поселение Щаповское, посёлок Курилово, Центральная улица, дом 2",29025,
ТиНАО,Щаповское,"поселение Щаповское, посёлок Курилово, Центральная улица, дом 4",29029,
ТиНАО,Щаповское,"поселение Щаповское, посёлок Курилово, Школьная улица, дом 1",29036,
ТиНАО,Щаповское,"поселение Щаповское, посёлок Курилово, Школьная улица, дом 2",29532,
ТиНАО,Щаповское,"поселение Щаповское, посёлок Спортбазы, дом 7",29038,
ТиНАО,Щаповское,"поселение Щаповское, посёлок Спортбазы, дом 8",29042,
ТиНАО,Щаповское,"поселение Щаповское, посёлок Спортбазы, дом 9",29046,
ТиНАО,Щаповское,"поселение Щаповское, посёлок Щапово, дом 11",29049,
ТиНАО,Щаповское,"поселение Щаповское, посёлок Щапово, дом 18",29065,
ТиНАО,Щаповское,"поселение Щаповское, посёлок Щапово, дом 19",28419,
ТиНАО,Щаповское,"поселение Щаповское, посёлок Щапово, дом 28",28723,
ТиНАО,Щаповское,"поселение Щаповское, посёлок Щапово, дом 29",28724,
ТиНАО,Щаповское,"поселение Щаповское, посёлок Щапово, дом 8",29081,
ТиНАО,Щаповское,"поселение Щаповское, посёлок Щапово, дом 9",29083,
ТиНАО,Щербинка,"город Щербинка, Вишнёвая улица, дом 5",29678,
ТиНАО,Щербинка,"город Щербинка, Вишнёвая улица, дом 8",29095,
ТиНАО,Щербинка,"город Щербинка, Железнодорожная улица, дом 14",33374,
ТиНАО,Щербинка,"город Щербинка, Железнодорожная улица, дом 2",28586,
ТиНАО,Щербинка,"город Щербинка, Железнодорожная улица, дом 8",28612,
ТиНАО,Щербинка,"город Щербинка, Почтовая улица, дом 10",28735,
ТиНАО,Щербинка,"город Щербинка, Почтовая улица, дом 4",29544,
ТиНАО,Щербинка,"город Щербинка, Почтовая улица, дом 8",28737,
ТиНАО,Щербинка,"город Щербинка, Садовая улица, дом 2А",28374,
ТиНАО,Щербинка,"город Щербинка, Садовая улица, дом 6/10",33375,
ТиНАО,Щербинка,"город Щербинка, Симферопольская улица, дом 3",29296,
ТиНАО,Щербинка,"город Щербинка, Симферопольская улица, дом 3Б",33422,
ТиНАО,Щербинка,"город Щербинка, Симферопольская улица, дом 4",33415,
ТиНАО,Щербинка,"город Щербинка, Спортивная улица, дом 5",28826,
ТиНАО,Щербинка,"город Щербинка, Театральная улица, дом 10",29099,
ТиНАО,Щербинка,"город Щербинка, Театральная улица, дом 14",28741,
ТиНАО,Щербинка,"город Щербинка, Театральная улица, дом 8",29104,
ТиНАО,Щербинка,"город Щербинка, Театральная улица, дом 9",29106,
ТиНАО,Щербинка,"город Щербинка, улица 40 лет Октября, дом 10",33384,
ТиНАО,Щербинка,"город Щербинка, улица Мостотреста, дом 14",33410,
ТиНАО,Щербинка,"город Щербинка, улица Мостотреста, дом 16",33382,
ТиНАО,Щербинка,"город Щербинка, улица Мостотреста, дом 18",33397,
ТиНАО,Щербинка,"город Щербинка, улица Мостотреста, дом 3",28749,
ТиНАО,Щербинка,"город Щербинка, улица Чапаева, дом 4",28758,
ТиНАО,Щербинка,"город Щербинка, улица Чапаева, дом 6",33411,
ЦАО,Арбат,"Панфиловский переулок, дом 1/16, строение 2",33218,
ЦАО,Замоскворечье,"Кожевническая улица, дом 17/14, строение 2",33238,
ЦАО,Мещанский,"1-й Коптельский переулок, дом 9, строение 2",33217,
ЦАО,Мещанский,"улица Верземнека, дом 2",29339,
ЦАО,Пресненский,"1-й Красногвардейский проезд, дом 18/1, корпус 3",29911,
ЦАО,Пресненский,"1-й Красногвардейский проезд, дом 20",29900,
ЦАО,Пресненский,"1-й Красногвардейский проезд, дом 20А",29887,
ЦАО,Пресненский,"2-й Красногвардейский проезд, дом 10",29898,
ЦАО,Пресненский,"2-й Красногвардейский проезд, дом 10А",29905,
ЦАО,Пресненский,"2-й Красногвардейский проезд, дом 2",29872,
ЦАО,Пресненский,"2-й Красногвардейский проезд, дом 4",29901,
ЦАО,Пресненский,"2-й Красногвардейский проезд, дом 6, строение 1",29873,
ЦАО,Пресненский,"2-й Красногвардейский проезд, дом 6А",29874,
ЦАО,Пресненский,"2-й Красногвардейский проезд, дом 8, строение 1",29909,
ЦАО,Пресненский,"2-я Черногрязская улица, дом 11/15",29906,
ЦАО,Пресненский,"2-я Черногрязская улица, дом 3, строение 1",29897,
ЦАО,Пресненский,"Антонова-Овсеенко ул., д. 2, стр. 1",44594,
ЦАО,Пресненский,"Мукомольный проезд, дом 1, корпус 1",29889,
ЦАО,Пресненский,"Мукомольный проезд, дом 1, корпус 2",29890,
ЦАО,Пресненский,"Мукомольный проезд, дом 11",29907,
ЦАО,Пресненский,"Ходынская улица, дом 6",29903,
ЦАО,Пресненский,"Шелепихинская набережная, дом 26",29826,
ЦАО,Пресненский,"Шелепихинская набережная, дом 4, строение 2",29885,
ЦАО,Пресненский,"Шмитовский проезд, дом 31, корпус 1",29882,
ЦАО,Пресненский,"Шмитовский проезд, дом 33, строение 1",29902,
ЦАО,Пресненский,"Шмитовский проезд, дом 41",29908,
ЦАО,Пресненский,"Шмитовский проезд, дом 43",29904,
ЦАО,Пресненский,"Шмитовский проезд, дом 46",33237,
ЦАО,Пресненский,"улица Антонова-Овсеенко, дом 1/18, корпус 2",29883,
ЦАО,Пресненский,"улица Антонова-Овсеенко, дом 11",29910,
ЦАО,Пресненский,"улица Антонова-Овсеенко, дом 3",29912,
ЦАО,Пресненский,"улица Антонова-Овсеенко, дом 5, корпус 6, строение 2",29871,
ЦАО,Пресненский,"улица Антонова-Овсеенко, дом 7",29913,
ЦАО,Пресненский,"улица Антонова-Овсеенко, дом 9",29899,
ЦАО,Пресненский,"улица Пресненский Вал, дом 38, строение 4",33239,
ЦАО,Тверской,"3-й Самотёчный переулок, дом 10",33241,
ЦАО,Тверской,"Угловой переулок, дом 4",29915,
ЦАО,Хамовники,"улица Плющиха, дом 55, строение 1",33242,
ЮАО,Донской,"4-й Верхний Михайловский проезд, дом 7, корпус 2",30498,
ЮАО,Донской,"Большая Тульская улица, дом 54, корпус 3",30500,
ЮАО,Донской,"Варшавское шоссе, дом 10, корпус 2",32091,
ЮАО,Донской,"Варшавское шоссе, дом 25",33244,
ЮАО,Донской,"Варшавское шоссе, дом 29",33245,
ЮАО,Донской,"Варшавское шоссе, дом 31",33246,
ЮАО,Донской,"Варшавское шоссе, дом 4, корпус 3",30493,
ЮАО,Донской,"Варшавское шоссе, дом 7, корпус 1",33243,
ЮАО,Донской,"Загородное шоссе, дом 10, корпус 10",30526,
ЮАО,Донской,"Загородное шоссе, дом 10, корпус 9",30497,
ЮАО,Донской,"Загородное шоссе, дом 11, корпус 1",30495,
ЮАО,Донской,"Загородное шоссе, дом 11, корпус 2",30496,
ЮАО,Донской,"Загородное шоссе, дом 6, корпус 4",33111,
ЮАО,Донской,"Загородное шоссе, дом 8, корпус 7",30525,
ЮАО,Донской,"Загородное шоссе, дом 8, корпус 8",30494,
ЮАО,Донской,"Малая Тульская улица, дом 45А, корпус 6",30527,
ЮАО,Донской,"Малая Тульская улица, дом 55, корпус 4",30499,
ЮАО,Москворечье-Сабурово,"Каширское шоссе, дом 66, корпус 1",32096,
ЮАО,Москворечье-Сабурово,"Каширское шоссе, дом 68, корпус 1",32092,
ЮАО,Москворечье-Сабурово,"Каширское шоссе, дом 70, корпус 1",32093,
ЮАО,Москворечье-Сабурово,"Каширское шоссе, дом 72, корпус 1",32095,
ЮАО,Москворечье-Сабурово,"улица Борисовские Пруды, дом 7, корпус 1",29156,
ЮАО,Москворечье-Сабурово,"улица Кошкина, дом 7",30507,
ЮАО,Москворечье-Сабурово,"улица Кошкина, дом 9",30501,
ЮАО,Москворечье-Сабурово,"улица Москворечье, дом 47, корпус 1",30502,
ЮАО,Москворечье-Сабурово,"улица Москворечье, дом 55, корпус 1",30503,
ЮАО,Москворечье-Сабурово,"улица Москворечье, дом 55, корпус 2",30504,
ЮАО,Москворечье-Сабурово,"улица Москворечье, дом 57/8",30505,
ЮАО,Нагатинский Затон,"Судостроительная улица, дом 15",30662,
ЮАО,Нагатинский Затон,"Судостроительная улица, дом 5",30647,
ЮАО,Нагорный,"Варшавское шоссе, дом 71, корпус 2",30674,
ЮАО,Нагорный,"Варшавское шоссе, дом 80",30675,
ЮАО,Нагорный,"Варшавское шоссе, дом 85, корпус 2",33240,
ЮАО,Нагорный,"Варшавское шоссе, дом 85, корпус 3",33247,
ЮАО,Нагорный,"Варшавское шоссе, дом 85, корпус 4",33248,
ЮАО,Нагорный,"Чонгарский бульвар, дом 1, корпус 1",30699,
ЮАО,Царицыно,"Весёлая улица, дом 33, корпус 1",30719,
ЮАО,Царицыно,"Весёлая улица, дом 33, корпус 2",30720,
ЮАО,Царицыно,"Весёлая улица, дом 33, корпус 4",30834,
ЮАО,Царицыно,"Весёлая улица, дом 33, корпус 5",30722,
ЮАО,Царицыно,"Весёлая улица, дом 33, корпус 6",30721,
ЮАО,Царицыно,"Весёлая улица, дом 33, корпус 7",30723,
ЮАО,Царицыно,"Товарищеская улица, дом 6",32103,
ЮАО,Чертаново Южное,"улица Газопровод, дом 9, корпус 1",29161,
ЮАО,Чертаново Южное,"улица Газопровод, дом 9, корпус 2",29164,
ЮВАО,Выхино-Жулебино,"1-й Люберецкий проезд, дом 9",33170,
ЮВАО,Выхино-Жулебино,"1-й Люберецкий проезд, дом 9А",33171,
ЮВАО,Выхино-Жулебино,"1-й Люберецкий проезд, дом 9Б, строение 3",33172,
ЮВАО,Выхино-Жулебино,"Ташкентская улица, дом 33, корпус 1",29170,
ЮВАО,Выхино-Жулебино,"улица Академика Скрябина, дом 25/1, корпус 2",29047,
ЮВАО,Выхино-Жулебино,"улица Чугунные Ворота, дом 21, корпус 2",29107,
ЮВАО,Выхино-Жулебино,"улица Чугунные Ворота, дом 21, корпус 3",29108,
ЮВАО,Выхино-Жулебино,"улица Чугунные Ворота, дом 5, корпус 2",29100,
ЮВАО,Выхино-Жулебино,"улица Чугунные Ворота, дом 9, корпус 1",29105,
ЮВАО,Кузьминки,"Волгоградский проспект, дом 101, корпус 2",30071,
ЮВАО,Люблино,"улица Степана Шутова, дом 2",30443,
ЮВАО,Люблино,"улица Степана Шутова, дом 6, корпус 2",30444,
ЮВАО,Люблино,"улица Степана Шутова, дом 8, корпус 1",30445,
ЮВАО,Люблино,"улица Степана Шутова, дом 8, корпус 2",30446,
ЮВАО,Нижегородский,"Нижегородская улица, дом 104, корпус 3",33152,
ЮВАО,Печатники,"1-я Курьяновская улица, дом 34А",30341,
ЮВАО,Печатники,"1-я Курьяновская улица, дом 53А",30342,
ЮВАО,Печатники,"1-я Курьяновская улица, дом 6А",32938,
ЮВАО,Печатники,"1-я Курьяновская улица, дом 6Б",32937,
ЮВАО,Печатники,"3-я Курьяновская улица, дом 9",32988,
ЮВАО,Печатники,"Батюнинская улица, дом 2, корпус 1",30339,
ЮВАО,Печатники,"Батюнинская улица, дом 3",29053,
ЮВАО,Печатники,"Батюнинская улица, дом 4",29055,
ЮВАО,Печатники,"Батюнинская улица, дом 7",29323,
ЮВАО,Печатники,"Батюнинская улица, дом 8",30340,
ЮВАО,Печатники,"Шоссейная улица, дом 70, корпус 1",29188,
ЮВАО,Печатники,"Шоссейная улица, дом 78",29181,
ЮВАО,Печатники,"улица Полбина, дом 58",30343,
ЮВАО,Текстильщики,"улица Артюхиной, дом 26А",30533,
ЮЗАО,Академический,"Новочерёмушкинская улица, дом 10, корпус 1",32605,
ЮЗАО,Академический,"Новочерёмушкинская улица, дом 27",32649,
ЮЗАО,Академический,"Новочерёмушкинская улица, дом 29",32652,
ЮЗАО,Академический,"улица Кедрова, дом 16, корпус 2",32677,
ЮЗАО,Академический,"улица Кедрова, дом 16, корпус 3",32679,
ЮЗАО,Академический,"улица Кедрова, дом 16, корпус 4",32678,
ЮЗАО,Гагаринский,"Ломоносовский проспект, дом 7, корпус 2",32725,
ЮЗАО,Гагаринский,"Ломоносовский проспект, дом 7, корпус 3",32704,
ЮЗАО,Гагаринский,"улица Панфёрова, дом 3",32726,
ЮЗАО,Гагаринский,"улица Панфёрова, дом 5, корпус 1",32689,
ЮЗАО,Гагаринский,"улица Панфёрова, дом 7, корпус 1",32688,
ЮЗАО,Гагаринский,"улица Панфёрова, дом 9",32690,
ЮЗАО,Зюзино,"Симферопольский бульвар, дом 14",32743,
ЮЗАО,Коньково,"улица Введенского, дом 5, корпус 2",33023,
ЮЗАО,Коньково,"улица Введенского, дом 5, корпус 3",33016,
ЮЗАО,Коньково,"улица Введенского, дом 7",33025,
ЮЗАО,Котловка,"Нагорная улица, дом 4",33184,
ЮЗАО,Котловка,"Севастопольский проспект, дом 10, корпус 3",32219,
ЮЗАО,Котловка,"Севастопольский проспект, дом 10, корпус 4",32068,
ЮЗАО,Котловка,"Севастопольский проспект, дом 17, корпус 2",32074,
ЮЗАО,Котловка,"улица Дмитрия Ульянова, дом 47, корпус 2",32149,
ЮЗАО,Котловка,"улица Дмитрия Ульянова, дом 49, корпус 2",32150,
ЮЗАО,Котловка,"улица Ремизова, дом 1",32070,
ЮЗАО,Котловка,"улица Ремизова, дом 11, корпус 2",32208,
ЮЗАО,Ломоносовский,"улица Кравченко, дом 16, корпус 1",32227,
ЮЗАО,Ломоносовский,"улица Кравченко, дом 20",32228,
ЮЗАО,Северное Бутово,"Феодосийская улица, дом 3",32427,
ЮЗАО,Северное Бутово,"Феодосийская улица, дом 5",32332,
ЮЗАО,Северное Бутово,"Феодосийская улица, дом 7",32333,
ЮЗАО,Северное Бутово,"улица Грина, дом 4",32326,
ЮЗАО,Северное Бутово,"улица Грина, дом 6",32334,
ЮЗАО,Северное Бутово,"улица Грина, дом 8",32428,
ЮЗАО,Южное Бутово,"Варшавское шоссе, дом 190, корпус 1",32439,
ЮЗАО,Южное Бутово,"Варшавское шоссе, дом 194, корпус 1",32431,
ЮЗАО,Южное Бутово,"Варшавское шоссе, дом 194, корпус 2",32440,
ЮЗАО,Южное Бутово,"Краснолиманская улица, дом 21",32441,
ЮЗАО,Южное Бутово,"Краснолиманская улица, дом 23",32429,
ЮЗАО,Южное Бутово,"Краснолиманская улица, дом 25",32430,
ЮЗАО,Ясенево,"Профсоюзная улица, дом 123А, корпус 26",33299,
ЮЗАО,Ясенево,"Профсоюзная улица, дом 123А, корпус 27",33292,
ЮЗАО,Ясенево,"Профсоюзная улица, дом 123А, строение 1",33186,
ЮЗАО,Ясенево,"Профсоюзная улица, дом 123А, строение 3",33190,
ЮЗАО,Ясенево,"Профсоюзная улица, дом 123А, строение 5",33297,
